age_group,SAE,death,tot_doses,p_sae_vacc,p_death_vacc,p_sae_nat,p_death_nat
18-64,7,0,32949,0,0.00021245,0.0217413013913779,0.000537449909123757
65,22,1,18445,5.42152E-05,0.001192735,0.0277089475302501,0.00387057099965635