age_group,SAE,death,tot_doses,p_sae,p_death
18-64,7,0,32949,0,0.00021245
65+,22,1,18445,5.42152E-05,0.001192735